{
  "project_info": {
    "project_number": "607730679034",
    "project_id": "travelapp-73e82",
    "storage_bucket": "travelapp-73e82.firebasestorage.app"
  },
  "client": [
    {
      "client_info": {
        "mobilesdk_app_id": "1:607730679034:android:b83b2e7e1b96749c2edd43",
        "android_client_info": {
          "package_name": "com.example.travelapp"
        }
      },
      "oauth_client": [],
      "api_key": [
        {
          "current_key": "AIzaSyBHgU2FOQQr23ZgEyua_inxjgnbYyqLO4E"
        }
      ],
      "services": {
        "appinvite_service": {
          "other_platform_oauth_client": []
        }
      }
    }
  ],
  "configuration_version": "1"
}